sid,B cells naive,B cells memory,Plasma cells,T cells CD8,T cells CD4 naive,T cells CD4 memory resting,T cells CD4 memory activated,T cells follicular helper,T cells regulatory (Tregs),T cells gamma delta,NK cells resting,NK cells activated,Monocytes,Macrophages M0,Macrophages M1,Macrophages M2,Dendritic cells resting,Dendritic cells activated,Mast cells resting,Mast cells activated,Eosinophils,Neutrophils,P-value,Correlation,RMSE
PTY_056,0.0176842984699884,0,0.00159681157032784,0.251525914694788,0,0,3.59568691138547e-05,0,0.0162097916209431,0,0.253394951755843,0.0799074492620449,0.338912163556965,0,0,0.0265741030747743,0,0,0.014158559125212,0,0,0,0,0.80684841309967,0.627658836548526
PTY_102,0.068483177623935,0,0,0.271441982334645,0,0.00820139385910736,0.00510868254184593,0,0.014541007187897,0,0.114483765885216,0,0.475807616590692,0,0,0.0302622960635108,0,0,0.0116700779131501,0,0,0,0,0.802740879727731,0.663200834441235
PTY_183,0.0212202183098265,0.00936673838482244,0,0.205118382124858,0,0.052343446322999,0.00074087178866118,0.0023900086472765,0.00304637853706095,0.0327779568878759,0.104830679968809,0.0444813526899021,0.469532341303501,0,0,0.034953227481423,0,1.5549388968636e-05,0.00592668767882963,0,0,0.013256160485186,0,0.829738018389675,0.633052234311519
PTY_104,0.0673308322958597,0,0,0.432556925732564,0,0.0293623388102805,0.00965791560404671,0,0.0339368980416908,0,0.0332274248077278,0.0621797141372905,0.300027650323193,0,0,0.0284245718117559,0,0.000844119927330234,0.00130253281873863,0,0.00114907568952219,0,0,0.836028233091171,0.626310768288214
PTY_034,0.0564917425299331,0.00490792323812036,0.00241048131486614,0.409365973637644,0,0.0279609956940658,0,0.0193984196389395,0.0205927014551378,0,0,0.101618197581491,0.317231740082639,0,0,0.0309410107912494,0,0,0.0074631974882675,0,0,0.00161761654764606,0,0.731511045155753,0.710340232529561
PTY_025,0.036191146886579,0,0,0.448930714360175,0,0,0,0.00497363765678141,0.0414683487854616,0,0.00967903783072778,0.037994815935993,0.359189823822279,0,0,0.0450952558375032,0,0,0.0163801875456921,0,9.7031338808213e-05,0,0,0.849397935765358,0.621659435808673
PTY_103,0.0721271522394442,0.000166794971934037,0,0.172439359510604,0,0.0880397981058154,0,0,0.0094620896884576,0.000868414868140777,0.0213545538334523,0.0457523833585614,0.518634310887371,0,0,0.0592856264215439,0,0.000283677664403773,0.0115858384502715,0,0,0,0,0.831789480304148,0.642646217759923
PTY_010,0.0414668704309764,0,0,0.449927663336581,0,0,0,0.00144252601147992,0.0252424128058123,0,0.11069514260258,0.0320251485233154,0.30600195541612,0,0,0.0212269493530836,0,0,0.0119713315200515,0,0,0,0,0.851517237180184,0.604033233050603
PTY_134,0.0661798211392059,0,0,0.503044011348559,0,0,0,0.00169400651155359,0.00978716658791223,0,0,0.0751528387686129,0.303121690603074,0,0,0.0326101348523552,0,0.000199448348376676,0.00821088184034979,0,0,0,0,0.723963307990563,0.712564600913519
PTY_058,0.0464176318544483,0,0,0.426415491159577,0,0.0578353455763385,0.0272525182747467,0,0.0267786657218563,0,0.122644338416059,0.0318157785462166,0.205801034730651,0,0.000731146630869684,0.0454382369831759,0,0,0,0,0.0088698121060609,0,0,0.833844342176387,0.617906142646946
PTY_157,0.041067473497655,0,0,0.605559788544752,0,0,0.00231687943387596,0.0179368370998653,0.0189289308448346,0.00371943030255025,0.0192781556849466,0.0128272888565175,0.24390994680879,0,0,0.0244508363276756,0,0.00116661645785852,0.00883781614067805,0,0,0,0,0.764799207239817,0.669941344554347
PTY_026,0.0676365154371876,0,0.00412639337922279,0.454050729449303,0,0.0479644215559315,0.00189572637793206,0,0.0447854950681524,0,0.0544014612582669,0.0125548493229237,0.277764367028061,0,0,0.0193418847538641,0,0.000910621326456965,0.0145675350426985,0,0,0,0,0.794024296081581,0.661250292350408
PTY_057,0.0462495288311418,0.0127433649653149,0,0.384428244003921,0.0829570843659634,0.000719637420501796,0,0,0.0428481583480456,0,0.0374576036492977,0.0557343395808071,0.307661324522327,0,0,0.027931595900981,0,0.000690856278756565,0,0,0.00057826213294277,0,0,0.812208390870306,0.649033342801858
PTY_008,0.0141514945408906,0,0,0.361649329658079,0,0.012503103586484,0.00326317846134708,0.00221260270757268,0.0335994917446338,0,0.175399542369593,0,0.372103985177591,0.000427723631518248,0,0.0198058417892132,0,0.00039070241528407,0.0030373502158916,0,0.00145565370190166,0,0,0.84728089252829,0.609853715029474
PTY_066,0.04462230039996,0.0258097807189731,0,0.409578976216003,0.014743993162747,0.015342357376186,0.0331882505297753,0,0.0162595386089535,0,0.15599869156359,0.0710123185217898,0.180845297933033,0,0,0.0319009867181887,0,0.000697508250799992,0,0,0,0,0,0.807449073038276,0.630043109902605
PTY_088,0.0679396480837021,0,0,0.519901449828523,0,0.00764071182643902,0.0519941941499117,7.26235754930188e-05,0.0396632057250653,0,0.0618137339010105,0.0219168188187072,0.203180826836749,0.00504276480269804,0,0.0102357940855442,0,0.00189527395898777,0,0.00524234334403672,0.00346061106313318,0,0,0.815979181667769,0.631373636106558
PTY_106,0.112423648602251,0,0,0.493162367276391,0,0,0.0294247879921131,0.0371388575990581,0.0237883044537215,0,0.0688976590767295,0.0398252872378035,0.140104986645441,0,0,0.0275332817566654,0,0.0057748667238596,0.00964475043951075,0,0.00472264089359593,0.00755856130285924,0,0.807701166126261,0.638616112023755
PTY_178,0.0127640960726657,0.0420994237119133,0,0.392114606766397,0,0.0236564392817406,0,0,0.0484620775501472,0,0.0713742576938518,0.084479933148004,0.147223862444848,0,0.0107987456080872,0.0401794435497403,0.0175224919326384,0.00512393597138106,0,0.0460405013269612,0.0329631867322993,0.0251969982093247,0,0.851534242005599,0.616535850111169
PTY_076,0.0543526837002315,0,0.00198099563986334,0.212931104397164,0,0.0995375577645303,0.0031655154462113,0.00361092571372491,0.00354377461756784,0,0.0846150254100422,0.0343460409084585,0.402478176430828,0,0,0.0297213835613384,0,0.00165917387759856,0,0.0646216947647453,0.00343594776769611,0,0,0.771504414814673,0.697105098391066
PTY_121,0.0271832764085911,0.0556666175511769,0.00203373253178749,0.408218177632123,0,0,0.00394887121162684,0.00255738829256706,0.0183739446306812,0.0471425266356282,0.080305212415927,6.09330812642353e-05,0.308697457130681,0,0,0.0355120335687858,0,0,0.01029982890916,0,0,0,0,0.813087021006099,0.650528651818718
PTY_128,0.0351499300554261,0,0,0.372454610199067,0,0.0532602995613147,0.00772393364100652,0,0.0189885781524049,0,0.0305707363194734,0.049187406336791,0.384612790423276,0,0.000879740125553238,0.0407170591327386,0,0.00233662245675857,0.00281726110662636,0,0.00130103248956391,0,0,0.783662528439931,0.67541392841266
PTY_129,0.0722981139199576,0,0,0.180585335482213,0,0.247038271363042,0.00594853376998358,0,0.00721018126448358,0,0.0717729167426335,0.0183639459214643,0.354736392792486,0,0,0.0374992816288103,0,0.00184325388628561,0,0,0.00270377322863957,0,0,0.803175199980451,0.673444739066333
PTY_041,0.0690238893535021,0.0292004873549701,0,0.365000791598152,0,0.061742299382259,0.00485732945678301,0.012929279114475,0.0246812051603336,0,0.0498856521964221,0.0213418851835587,0.330062924132998,0.00352916146650467,0,0.0144425120243061,0,0.00154755878505605,0.0091895450298342,0,0.00128328890086536,0.00128219085997993,0,0.803859434562304,0.664913343113934
PTY_179,0.0527569167103785,0.0287493461867629,0.000803323754629001,0.152059304897725,0,0,0,0.00526672296403742,0,0.0253925095697039,0.0125169754794435,0.0885017416414172,0.4828754369315,0,0,0.0537888571280676,0,0.00187531827178291,0,0.0938977679053054,0.00151577855924665,0,0,0.751067553946045,0.703049049576221
PTY_176,0.0351963565088205,0.0201371408261723,0,0.265832925357827,0,0.0740237839977869,0.00943959899615538,0,0.00203561882381432,0,0.154289866468523,0.0253912549267119,0.34574837956219,0,0,0.0576375079409462,0,0,0,0.00755579721892744,0.00271176937212524,0,0,0.767268573787409,0.691031392050132
PTY_001,0.0415078712701177,0.00702559083333584,0.0014860248732264,0.352279775119911,0,0.0779062626938003,0,0.00364852216939313,0.0397435833755332,0,0.0761182736387474,0.0998707846274138,0.266478436189535,0,0,0.0238441365239701,0,0.000121796693545145,0,0.00996894199147068,0,0,0,0.831213428067431,0.621919283976239
PTY_177,0.0456496646778563,0,0,0.397741793227807,0.0470272762872594,0.0114531883590779,0.0162750450991448,0,0.039127013956738,0,0.0108130606683379,0.134497791859424,0.203053857160565,0.00384221668101168,0,0.0064843713947705,0,0.00400468839220493,0,0.0258793966611208,0.0471373205827349,0.00701331499194651,0,0.779328278754045,0.667233470630185
PTY_175,0.0746825847556142,0,0,0.480670730740402,0,0,0.0636881145378012,0.0272214253069177,0.034634540439341,0,0.127014446243892,0,0.0974077899071443,0,0,0.0189710709685633,0.000719709859906706,0.00682272575730417,0,0.0445782825804835,0.0196796179708539,0.00390896093177543,0,0.777926071589879,0.663759919762313
PTY_156,0.11577336498649,0,0.00454832849373284,0.40687682908818,0,0,0.0169135967551286,0.0230942315249887,0.0328908405404847,0,0.0816296925489229,0.0369433856631892,0.270774111896542,0,0,0.00837245081004354,0,0.00190877636863228,0,0,0.00027439132366513,0,0,0.800876320847708,0.657053287488212
PTY_096,0.124350668918898,0,0.00196083429471502,0.312247964717341,0,0.0646232244715785,0.0425888298925693,0.00268827607229718,0.0132590304207238,0,0.16577134540818,0,0.226635902926218,0,0,0.00889171383819039,0,0.0029702734908393,0,0.0212771223043051,0.0127348132441444,0,0,0.819867476467097,0.650358876007863
PTY_169,0.0999138928122266,0.0203879375377945,0.00203316980271596,0.335018738288292,0,0.0900329378357604,0.00886281756302432,0.00182006378293125,0.011891945790276,0,0.0158131975254169,0.0643317049078637,0.321072193884722,0,0,0.0273776710371258,0,0.000940693292175128,0,0,0.000503035939675603,0,0,0.759915051986586,0.698084421590578
PTY_158,0.111745467572598,0,0,0.346430074248413,0,0,0.0605703103637932,0.0130743742782383,0.0221569037781511,0,0.160636020397858,0.0331564894228025,0.161165811939869,0,0.000738036861703624,0.018233738467654,0,0.00700070803184223,0,0.0357187133159729,0.0199683012766065,0.00940505004449759,0,0.783739549793345,0.671577694533487
PTY_062,0.114100202548999,0,0,0.288138054124301,0.0389778881454952,0.207608713151541,0.00295560186328035,0,0.0524012191936682,0,0.0148343734908105,0.0531643674452167,0.171704664669076,0,0,0.0108105271880547,0,0.00511630094787411,0,0.00850252738303843,0.0272903185524037,0.00439524129624036,0,0.825783764261023,0.63818734594014
PTY_142,0.0726888348367662,0,0,0.357438399131482,0,0.0641232291239779,0.00337310588235861,0.00164635025655454,0.0127390592630181,0,0.10346421571407,0.00964850885481672,0.340564014533838,0,0,0.022263520020865,0,0.000209963323618246,0.011840799058635,0,0,0,0,0.805765691030567,0.659580147176658
PTY_149,0.0589246937385929,0.00121498297764075,0,0.388287423690379,0,0,0.00217523527541536,0.0158277389686894,0.00525319266985444,0,0.202226466721301,0.0258839385752311,0.264358743466654,0,0,0.0254689278091464,0,0.000185108665403438,0.00996598694495995,0,0,0.000227560496732364,0,0.873924460711142,0.575798152807822
PTY_094,0.0926309439515785,0,0.000295265389118372,0.372493540551808,0,0,0.0231998095421722,0.00579070473612575,0.00583542809652024,0,0.144818921932695,0,0.290204294048733,0,0,0.0644575595722673,0,0.000273532178981123,0,0,0,0,0,0.753639510496948,0.700748902790283
PTY_139,0.0586494382655275,0.00339495231703499,0,0.402473710042734,0,0.019665370934064,0.00365255340413706,0.0271724923316796,0.016526182563837,0.0185438160221961,0.0213266685337428,0.0938696553702147,0.275443113118445,0,0,0.0426345388687837,0,0.00251393475072517,0.0113605167881316,0,0.00277305668874728,0,0,0.772668750384954,0.678414194020993
PTY_148,0.0703271470199053,0.0230188859848952,0.00100670537045476,0.223048608786055,0,0.0137382722176786,0,0.0268068125162681,0,0,0.0440077691691789,0.103071604779201,0.433257603740425,0,0,0.0366833122074594,0,0.000423194327460073,0,0.0174046074076643,0.00720547647335441,0,0,0.775295790377609,0.685988812079511
PTY_146,0.0999450871277487,0,0,0.254099363630581,0.00329193185984716,0.00765797520955034,0.00411401925584655,0.00485593876371297,0.00808561632186469,0,0.0551877730140898,0.0797560477383447,0.429421230671661,0,0,0.0442094894584618,0,0,0,0.00335983688203767,0.00601569006625281,0,0,0.8105592552445,0.659621569722982
PTY_004,0.0654444492246321,0,0,0.433057089097588,0.0116986395832302,0,0.0149289017308653,0.0320928962478266,0.0336292727640473,0,0.135743256431039,0.0201293136880938,0.205732252875913,0,0,0.0259948451343995,0,0.00218105983395794,0,0.0177187789554802,0.00164924443292656,0,0,0.847447289067252,0.606230659710239
PTY_137,0.056639729505428,0,0,0.42069318927673,0,0.0718146295359782,0.0676733675435808,0,0,0,0.130191044802852,0.00108532109509225,0.229563347215695,0,0,0.0203959377912935,0,0.000693489213384684,0,0.00124994401996506,0,0,0,0.827738246680233,0.628364740781578
PTY_180,0.0986871746479504,0,0,0.334086768503917,0.0416315252130562,0.0636155345542707,0.0372834228311916,0,0.0279662352974067,0,0.0728448326620185,0.0830373079635845,0.225234240661759,0,0,0.0121326897628228,0,0.00348026790202261,0,0,0,0,0,0.822488941426821,0.635843738460333
PTY_003,0.0354765344506621,0.00923864375105078,0.002129404066,0.296783025604187,0.0587446942918626,0,0,0.00948876642658066,0.03297096063714,0,0.0406901292116994,0.0443973238513676,0.260089969260845,0,0,0.00061667907656645,0,0.00107022457639417,0,0.197013826100206,0.011289818695439,0,0,0.793825088971497,0.675529628722952
PTY_105,0.0368744537450975,0,0,0.352900399271329,0,0.0515517571397336,0.048393539434654,0.00190933261056355,0.0203544690879966,0,0.218413624537779,0,0.242978217547126,0,0,0.00707214264197941,0,0.00645129869297832,0,0.00162887781614399,0.0114718874746193,0,0,0.82189667778764,0.626902318014982
PTY_135,0.0169979189616071,0.00369896212154408,0.0113228376772059,0.505112204978768,0,0,0.0291535495603992,0.0129294481569684,0.0204991792237653,0,0.185899182322646,0,0.18517125510542,0,0,0.0164968407345537,0.000244916828677074,0,0,0.0067997991113104,0,0.00567390521713419,0,0.763402580138611,0.665657399848871
PTY_150,0.027173791642324,0.0194494728750654,0,0.29918379358786,0,0.133985329400953,0,0,0.0277131033597497,0,0.0296098102537033,0.0139240620059664,0.384294791395882,0,0,0.0445289002803611,0,9.95947752044728e-05,0.0200373504229305,0,0,0,0,0.850673639333494,0.634338532200196
PTY_114,0.0530415072930538,0.0138418971838845,0,0.179345190925238,0,0.128677323694054,0,0.00058255636249888,0.0171983648822971,0,0.0852539560712696,0.040637182196208,0.394508488934243,0,0,0.0795920405405413,0,0.000314712276221094,0.00700677964049107,0,0,0,0,0.811152162672086,0.670683794950383
PTY_147,0.0695442254338854,0.0298232544743084,0,0.301856487154396,0,0.0338578167647694,0,0.00765781636086005,0.0318412249864102,0,0.116074180345418,0.0286693767828305,0.311330169030228,0,0,0.0572896042093359,0,0.0012697483091497,0.0107860961484087,0,0,0,0,0.772523344145252,0.692357641704453
PTY_035,0.00669924638537279,0.0161007867266837,0.000204257546700042,0.252731959606059,0,0,0,0.0061681716282256,0.00247997838086498,0.0343025533281555,0.163675836742774,0.0399269426672648,0.444022017638645,0,0,0.0263385465010865,0,0.00324856813848779,0.0041011347096802,0,0,0,0,0.81425986008885,0.636484461207075
PTY_181,0.108809157733637,0.0193633057732847,0.00268217078896924,0.359844912291812,0,0.0154347132321636,0,0.0096374617227105,0.00683774772594757,0,0.0295128946896247,0.0992495120766741,0.265290161772086,0,0,0.068076278740519,0,0.000651971927123991,0.0141275442125958,0,0.000482167312852362,0,0,0.795568881103382,0.671767710721571
PTY_068,0.0216966312045389,0,0.00171953651832386,0.476794960217302,0,0,0.0755124758600461,0.010050397449135,0.0178636434331822,0,0.0777605255165114,0,0.252338059391769,0,0,0.0240468952130097,0,0.00651538175120728,0,0.0208709727995782,0.0148305206453955,0,0,0.823405844000367,0.639747324061522
PTY_151,0.0619971232963985,0.00411513184284086,0.00128413335879134,0.342644017388638,0,0.0800510158856771,0,0,0.038237061534405,0,0.127018283538256,0.000121769956719148,0.312212508430316,0,0,0.0165518831078892,0,0,0.0157670716600686,0,0,0,0,0.898667762266765,0.580558547311507
PTY_145,0.0980467995412834,0.0182897400732816,0,0.308426323885843,0,0.0324066600585234,0,0.00837808608503977,0.00389350758118651,0,0.0853204667431998,0.064246660226225,0.307352509917769,0,0,0.060711825167697,0,0,0.0129274207199518,0,0,0,0,0.770669045272738,0.692370533396751
PTY_054,0.0282870567561286,0.0234687079146585,0,0.336235267657472,0,0.0716462070741905,0.00150589634469848,0,0.0340990261425913,0.00832840745390544,0.0979364827847908,0,0.357696684860513,0,0,0.0302142212147877,0,3.39386211206559e-05,0.0105481031751434,0,0,0,0,0.877848872050974,0.602802049549874
PTY_027,0.0727671289345508,0,0,0.409254170788934,0,0.0450878912185516,0,0.00197635144743541,0.0360962623988361,0,0.0135581467570828,0.0319564729120735,0.349296109859511,0,0,0.0392403051282881,0,0.000767160554737,0,0,0,0,0,0.829196495471734,0.640751840112512
PTY_006,0.0398391971072101,0,0,0.518110200994912,0,0,0.00325083708956441,0,0.0174714620967512,0,0.0928521305564448,0.0155518884963541,0.288654538095564,0,0,0.0177905960697335,0,0.000166465398706282,0.00547964346988187,0,0,0.00083304062487833,0,0.801478598837452,0.642808689833516
PTY_045,0.113247362966594,0.00497441278043638,0.00243053985694438,0.172616138177509,0,0.0848627078095534,0.00382330818951575,0.00717370678094052,0.0142535548668639,0,0.054011195731797,0.0245666063669595,0.472479709198364,0,0,0.039192670482169,0,0.00276351599374353,0.00360457079860977,0,0,0,0,0.818189661949116,0.66051413378102
PTY_112,0.0174797263065388,0.0164168697262164,0,0.326537054330321,0,0.0628162101540987,0,0,0.0229892760568054,0,0.0730184644312562,0.0467436115644581,0.404603030188233,0,0,0.0250763740562758,0,0.00191055065293901,0.00240883253285708,0,0,0,0,0.824322705607771,0.640348871246586
PTY_152,0.0312544866298647,0.0129247399582421,0,0.378937844562447,0,0.0900165044274333,0.00497952107316582,0,0.0304562148025566,0,0.0999154667529073,0.0324186376329085,0.277947568216506,0,0,0.0294523545677651,0,0,0.0114883483005003,0,0,0.000208313075702882,0,0.832261909710476,0.628584049494721
PTY_036,0.00888570374352345,0.0106007191922181,0,0.491879711319327,0,0,0.01209991238128,0,0.0402672541417221,0,0.0796887242939967,0.0403296581409599,0.267630789529832,0,0,0.0353698211110062,0,0,0.0131024867727201,0,0.000145219373414554,0,0,0.722341083788203,0.709949484458124
PTY_092,0.0559618236486384,0,0,0.333672418420519,0,0.0359792476650179,0.0457091304501398,0.00770465247912657,0.0196422027493258,0,0.0971190403840524,0,0.328963967973721,0.00729179979168306,0,0.00779550826655833,0,0.0215231404585202,0.00311849136182777,0,0.0355185763508698,0,0,0.816554789353479,0.66422257468399
PTY_171,0.0583035914480932,0.0101507246864901,0,0.412418352977986,0,0.0567978730894813,0.0208578107035936,0.0174203294105778,0.0381696232395747,0,0.014431811070277,0.0824974580947962,0.239835578416032,0.000644155511396858,0,0.0111834252723571,0,0.00850357694881104,0,0.0182778157134219,0.010507873417112,0,0,0.787924822596253,0.665656009822296
PTY_109,0.046936082307244,0.00814571656591733,0,0.428262971345509,0,0,0,0.0014229920805766,0.0336675843146399,0,0.190504853740319,0.0165704019657701,0.231160915538706,0,0,0.03241575955726,0,0.000770126573424354,0.00797497601154052,0,0.00216761999909369,0,0,0.844071141421058,0.601760975854937
PTY_127,0.0352812288065329,0.00553826764926818,0,0.564048619122123,0.00470957420413597,0,0.0343837336500846,0,0.00878570891904897,0,0.213394342145117,0,0.103645617059635,0,0,0.016563797889034,0,0.000316357611385358,0.0118471707775019,0,0.0014855821661328,0,0,0.868661480763727,0.540960646891321
PTY_044,0.0451206911314284,0.02617028054434,0.000126816730169704,0.360386838483027,0,0.00407653861118657,0,0.00556858872361657,0.0213897058068731,0.0334305018811926,0.0550660968765767,0.0236324057538571,0.369104209166391,0,0,0.0395294514214,0,0.00144833660910147,0.0149495382608407,0,0,0,0,0.836507934715194,0.638298275498058
PTY_059,0.0865181326344483,0,0,0.4410068845086,0,0.00805416114420264,0.0393015312755962,0,0.0204195190207785,0,0.125992479435495,0.0155995586948967,0.205226916700715,0,0,0.023030405831478,0,0.00251778696907404,0.0198250252412967,0,0,0.0125075985434178,0,0.881891863451076,0.582949836187291
PTY_074,0.048291986032403,0,0,0.540220045834231,0,0,0.0104975483774908,0.00320264753373473,0.021991962715036,0,0.0757449183555461,0.0216125986431547,0.249744217842464,0,0,0.0220112667632547,0,0.000860303483380657,0.00582250441930384,0,0,0,0,0.732095604367384,0.699853231756315
PTY_032,0.0492639191994457,0,0,0.51066550597516,0,0,0.0649995563283902,0.000631095838888736,0.0415707213471023,0,0.00322200639414995,0.129205657357971,0.158095296691963,0,0,0.0140759958289417,0,0.000667175209802985,0,0.0256550061701937,0.00194806365799057,0,0,0.834363885904214,0.601459786013205
PTY_084,0.168007271742961,0,0,0.461280715693792,0,0,0.00948191140791385,0.0140185790976572,0.0614287339367518,0,0.039167241994196,0.0560208775138569,0.16373055341205,0,0,0.0176804139378376,0,0.00352382219062479,0,0,0.00565987907235868,0,0,0.824439222891535,0.62639136540463
PTY_042,0.0449172651118431,0,0,0.400312445254282,0.0787405395730353,0.0274846237092818,0.0433083173151766,0,0.022730897251801,0,0.0998300000333822,0.00345915150370408,0.205309952763609,0,0,0.0441383176016698,0.00608827789897116,0.00559141642642002,0,0.00838708172071901,0.00669165907819299,0.00301005475791235,0,0.849691947986456,0.618907825249122
PTY_107,0.144342008992759,0,0.00173283580371801,0.417611933811181,0,0,0.00856659952664517,0.00265044593181445,0.0871292867339879,0,0.0419643488754512,0.0352769585606292,0.16443034896306,0,0,0.0543184096436481,0.00133540801404744,0,0.0353011609610034,0,0,0.00534025418205548,0,0.840048753621627,0.634032776437823
PTY_122,0.0644150785534147,0,0,0.371552754209541,0.00214776560434534,0.0501081124685396,0,0,0.0373194303595274,0,0.0835273862093912,0.0238141703102096,0.328765883335106,0,0,0.0281535222933225,0,0.00153438074162456,0.00866151591497736,0,0,0,0,0.812408442280777,0.652903686604094
PTY_170,0.0685401811427651,0,0,0.45716244135354,0,0.0306582519962974,0.0223607356203903,0.0250588114446247,0.0276252156453116,0,0.0754351286004381,0.0293340391951867,0.214154167547965,0,0,0.0433831724741601,0,0,0,0.00298247706235677,0.00330537791696399,0,0,0.756818051514616,0.68684314004216
PTY_093,0.0271496407704734,0.0202239665804117,0,0.303081217813598,0.0113520871555559,0.0367646213232852,0,0.000863623337449296,0.0334351502898668,0.030867091791349,0.14314350931128,0.0357497254138163,0.326926816316097,0,0,0.0285009972950835,0,0.00194155260173351,0,0,0,0,0,0.804341598607486,0.65039840596237
PTY_083,0.0606995472812012,0.00726032233843319,0,0.455614307339255,0,0.0874916897144102,0.0238835361389476,0.0157709501773596,0.0239218881606834,0,0.180229815542799,0,0.0851685370888727,0,0,0.0243441463820462,0.00283098335784263,0.0067834741688491,0,0.0240794442542844,0.00192135805501536,0,0,0.758672655671204,0.669103770660311
PTY_030,0.0378565981430124,0.0504004532149238,0,0.357355394306176,0,0.0147411369720394,0.00518220113498458,0.00555873026465125,0.0053145417708333,0.000945749710331219,0.0386050550329442,0.137579754279698,0.271062570701722,0,0,0.0488110028673247,0,0.00164082345990494,0,0.0227942426756891,0.0021517454657647,0,0,0.796334243868125,0.659148268970013
PTY_159,0.0852067057306974,0.0107449695988688,0,0.225919632167095,0,0.0519102622291733,0.0122103383334452,0.00602096557338545,0.0075623362620973,0.0512298964989347,0.0357881044067369,0.0109305910536971,0.428413512850316,0,0,0.0689333885249203,0,0.00264267100868371,0.00248662576194853,0,0,0,0,0.798672610005926,0.676649330243526
PTY_166,0.144866389402135,0.0304756529027838,0.00140515573466676,0.33899387748513,0,0,0,0.00191950045617387,0.0153050695375244,0,0.0530140830368912,0.104804276109044,0.246056090660612,0,0,0.0527608097216905,0,0.000421945489668831,0.00766250520611114,0,0.00231464425756762,0,0,0.789961524025718,0.671161209808586
PTY_136,0.0662958865085913,0.0103034724657544,0.00150856671012769,0.404288324405095,0,0.0481828569299334,0.0117675342901917,0.00231121670671332,0.0078596163611833,0,0.119256480422755,0.030252841210041,0.265360747769536,0,0,0.0270938144165517,0,0.00173954595252004,0,0.00123272870166944,0.00254636714933651,0,0,0.781814913083605,0.668496740308411
PTY_182,0.163207718841801,0,0,0.276678117544795,0,0.0934476776168131,0,0.00415803929643775,0.00528784522852115,0.0100316873783651,0.00108344937903307,0.0589209349420092,0.319505909998483,0,0,0.0538048444895796,0,0.000735319947456669,0.0131384553367054,0,0,0,0,0.819427577526053,0.664898300583321
PTY_061,0.0384761654968225,0.00835228015612899,0,0.527837763581225,0,0,0.00527170851908488,0.00216856016903683,0.0672163270361431,0,0.0767342035092474,0.0891981663093696,0.171727014871955,0,0,0.0122922352892337,0,0,0.000725575061752877,0,0,0,0,0.780484650941697,0.64537075617151
PTY_037,0.0728895018797749,0,0,0.278488942487128,0,0.0904164006737411,0.00209660018066182,0.0105352422315638,0.0154787543850826,0,0.015760410467889,0.108144718534004,0.277330290256785,0,0,0.024652906425718,0,0.00290416356003438,0,0.083673944169983,0.0176281247476344,0,0,0.83683000337317,0.644458469190535
PTY_069,0.0829828941215089,0,0,0.39237122950981,0,0.0696199781970412,0,0.00162797625571568,0.00654479818496462,0,6.37863669719037e-05,0.112062136778682,0.290010238666758,0,0,0.0336340060899334,0,0.00116730706283498,0.0099156487657802,0,0,0,0,0.795121374949547,0.661571645474803
PTY_086,0.0959797194197908,0.00619071060105036,0,0.41689990278722,0,0.00837354433785602,0,0.0141905319158174,0,0.0387995800497306,0.0178548842838705,0.0692149313659339,0.279799351281584,0,0,0.0391089540074948,0,0.000105161464965693,0.00994272917136899,0,0.00175505628158146,0.00178494303173582,0,0.794632504701516,0.66291870288098
PTY_187,0.167895960262796,0.00930977165308495,0,0.350584644091195,0,0.0278364891929905,0.00318764724998278,0.00817146197736001,0.0167520153396803,0,0.0639061148182276,0.0836271253058506,0.197794393427451,0,0,0.0493063042401938,0,0.0016976538153296,0,0.0194267311071728,0.000503687518685441,0,0,0.800606570611207,0.661206906517746
PTY_071,0.095145671524004,0,0,0.210123064657109,0,0.0819458996131606,0.0190296345972947,0.0116792322257388,0.00967657414611704,0,0.0664992390205757,0.072590569950335,0.343492482607055,0,0,0.0586218948273083,0,0.00107241634934857,0,0.0252224577510932,0.00490086273085938,0,0,0.741646776354711,0.719837484243138
PTY_173,0.0953122385990844,0,0,0.321767906618414,0,0,0.0406664149744627,0.000755412098739733,0.0259937520243422,0,0.064083874704017,0.0340202141680495,0.370607814182008,0,0,0.0161941891257994,0,0.00150984557493526,0,0.0266463629455678,0.00244197498457983,0,0,0.784910485553511,0.685107306458677
PTY_126,0.0396733293085234,0.0116178712119275,0,0.381345473341871,0,0,0.00417745069380752,0,0.0370816692886652,0,0.103821235012395,0.00974500868539508,0.350336218831431,0,0,0.0445055708541118,0,0.000953611553219488,0.0127358613159721,0,0,0.00400669990268205,0,0.813930935270172,0.654067956845962
PTY_172,0.121217602994697,0,0.00155693629889786,0.270469129374186,0,0.0873894535527158,0,0.0345222892705217,0.00515299997888612,0,0,0.122569847856988,0.284114021510173,0,0,0.0296488600651896,0,0.00252866687591286,0,0.0373716118337296,0.00345858038810206,0,0,0.807940774040775,0.66509297993317
PTY_141,0.0372506721451609,0,0,0.61490512418949,0,0.00545302425882995,0.0638044199737031,0.00987510449059574,0.00846706593234453,0,0.0917624874231837,0.0270940049894917,0.104460518840421,0,0,0.0300666540784566,0,0.0013702819287776,0,0.0034306787776171,0.0020599629719279,0,0,0.83659242911138,0.585130299431933
PTY_154,0.103615386803036,0,0,0.335848226252616,0.0113140543263068,0.172630914165483,0.00666097820321515,0.00426304143566524,0.0281771970918409,0,0.00683179822717301,0.0895834432753399,0.186609659482433,0.00492609138388613,0,0.0206507999277506,0,0.00302841750613561,0,0.0215361001467264,0,0.00432389177239263,0,0.808250866213491,0.649458215229289
PTY_119,0.0863985409299057,0.0371915594594402,0.0133909331722191,0.325897011181281,0,0.0318737507897348,0.00446943146628498,0.0295691105376943,0.126896339528896,0,0.0631086177005389,0.0334785945488147,0.149775369137006,0,0,0.0559990665908818,0,0,0.0319180671819215,0,0,0.0100336077753818,0,0.778990288751421,0.685027884714185
PTY_052,0.0621116555511727,0.0011679939930235,0.00551650405812507,0.331738636323335,0.0572173454069799,0.129366130442703,0,0.000354394831757435,0.0637494580431402,0,0.0619918150932488,0.0210961280716055,0.23654264250324,0,0,0.0162616738984333,0,0,0.0128856217832359,0,0,0,0,0.841659624614093,0.62348581526157
PTY_116,0.0624590839384517,0.00319138188776875,0,0.418360881275645,0.0447841985842307,0,0.00373359990006436,0.0227904674633589,0.0282765913839633,0,0.0984862904080289,0.0155119750245564,0.257137608158455,0,0,0.0367364928163145,0,0.000725249084734937,0.00726571803698723,0,0.000540462037440149,0,0,0.859932574167724,0.60637385979906
PTY_065,0.0583212468247775,0,0.000534018070611346,0.457338914314902,0,0,0.0218277590301298,0.00497549013402328,0.0547651035929005,0,0.0592099110964347,0.0347363497398543,0.173077382085146,0.000693775243228456,0,0.00351795971335543,0,0.00682880336041228,0,0.0829679636936091,0.0412053231006152,0,0,0.800488479562222,0.65769449259591
PTY_113,0.0487198998505489,0.0194687342332907,0,0.283598038511755,0.00814589931867752,0.145331501123727,0,0.00108640165821703,0.0309239589298152,0,0.0935861808849125,0.0231841790828132,0.307211099311027,0,0,0.0280046412401641,0,0.0011793054045926,0.00956016045045954,0,0,0,0,0.863751494054714,0.617099425051358
PTY_124,0.0808575532068318,0,0.00717808121815603,0.401989892300223,0,0.0290744273304018,0.01400145248663,0,0.00760205097638988,0.0132353202231411,0.16280344649906,0,0.251666869117758,0,0,0.0195735402695559,0,0.00110044359824995,0.0109169227736029,0,0,0,0,0.875204867624042,0.586467181447478
PTY_016,0.0186281733060242,0,0.0134770699540853,0.234200362287159,0,0.0143400615394144,0,6.63562675093717e-05,0.0302265720437651,0,0.0742357593101546,0.00432025036489974,0.551051715042199,0,0,0.00941597926319245,0,0.000506165092590377,0.0271601806448391,0,0,0.0223713548841673,0,0.679325616508506,0.748059472705009
PTY_133,0.0655870346353441,0,0,0.470794919101912,0,0,0.0411915604648298,0.00450044283467312,0.0278492135284695,0,0.0929568738889824,0,0.25376404468941,0.00435604110445114,0,0.0126019881080509,0,0.0186109445914759,0,0,0.0077869370524009,0,0,0.799050451390846,0.657322823052476
PTY_144,0.0592712120087371,0,0.00665792387491974,0.489954942972583,0,0,0.0502927896860563,0.0302266645098414,0.0428869338042435,0,0.0856089689232997,0,0.156478834995639,0,0,0.0224874085767392,0.000621121534444672,0.0103096905006129,0,0.0225976160846365,0.0190394451382532,0.00356644738999349,0,0.836289558318999,0.620851981050911
PTY_046,0.0469015129907905,0,0,0.344076850112393,0.0188935048016805,0.00701048582660761,0.00351016690988213,0.00312545274533429,0.0198249063290775,0,0.054773059726017,0.0437664841791426,0.431001259185736,0,0,0.0227003647468374,0,0.00144864647015369,0,0.00181545024401167,0.000841748527924506,0.000310107204412285,0,0.851360253806555,0.619367942250487
PTY_111,0.0250633539524864,0.00194502479535722,0,0.41724002689604,0,0.0085495172332401,0.00165335503318252,0.00192274617662994,0.0175947113438308,0.0626105557532344,0.0169214725568833,0.0131206299370192,0.369580258161186,0,0,0.0437066778082705,0,0,0.0182885972536373,0,0.00180307309900212,0,0,0.829295218507344,0.635194387091973
PTY_125,0.0322556321600131,0,3.21721571477038e-05,0.368651175533636,0,0,0.00461507656219019,0.00273938551776607,0.0100162525932065,0,0.0278586972407002,0.0127196199221158,0.510215832056413,0,0,0.0214749808048385,0,0.000661227840923873,0.00593537878885357,0,0,0.00282456882219536,0,0.811486998205586,0.646920317671645
PTY_168,0.0438558887257118,0,0,0.367861449862398,0,0,0.0504174099692477,0.00484173249978554,0.024574548229296,0,0.101689703944915,0.0165384502391903,0.319432482267391,0,0,0.0425448351802333,0,0.00405741333695527,0,0.021483557297609,0.0027025284472669,0,0,0.737855108981713,0.714309053355755
PTY_087,0.0208987636834389,0,0,0.354003586357643,0,0.128978427774843,0.0298098361257578,0,0.00723841713411929,0,0.095191540479721,0.0175664116353803,0.291983580096272,0,0,0.040951255821381,0,0.00100218145977395,0,0.0113586711888655,0.00101732824280418,0,0,0.798876059879205,0.66127283524168
PTY_138,0.0312361668652985,0,0,0.101237107022947,0,0.0665286446351864,0.0213397593589187,0,0.00335920841048352,0,0.215218799500803,0.034425290415545,0.422621208098481,0,0,0.0556012531024441,0,0.00274758005601451,0,0.0456849825338782,0,0,0,0.79353684944488,0.667752129507362
PTY_009,0.0363832479052074,0,0.00206448762097939,0.295844415489674,0,0.0326476072067972,0,0.022719548080872,0.0286791178943078,0,0.0129309682854831,0.0505820944297225,0.487681914582107,0,0,0.00930737634583339,0,0.00432426742416024,0,0.00216140239063388,0,0.0146735523442217,0,0.824822682350075,0.639718995637624
PTY_174,0.0724013120034027,0.039622007613922,0,0.305751632134743,0,0,0,0.0431166501646448,0.0138499013914793,0.095896531473269,0,0.0431602705060807,0.356650423620602,0.00134248069768639,0,0.0243372347801793,0,0,0.00387155561399048,0,0,0,0,0.695715596471996,0.741071547631968
PTY_048,0.0507556684709383,0.0223789110317185,0,0.473365257522142,0,0.0220140377777065,0,0.00229684606868357,0.0176691760594762,0.021380828314652,0.0341104184714922,0.012543684915662,0.311625858286016,0,0,0.0205984281793187,0,0.000284263693392941,0.0109766212088016,0,0,0,0,0.804581018975895,0.651842271933188
PTY_060,0.014835752449023,0,0.00160995088957827,0.332895037545518,0,0.0295056290804336,0.00333102566892535,0,0.0127803919645216,0,0.0131573744313495,0.091917594210653,0.46024387067454,0,0,0.0218867472373458,0,0.000383120527903768,0,0.0158567250427702,0,0.00159678027743733,0,0.84567262142364,0.617720281859589
PTY_163,0.122194544333769,0,0,0.402760097157225,0,0.0460905794316302,0.0326722753966798,0.00633577984809791,0.01061528080188,0,0.00304757154250056,0.0899338411530496,0.224428014152096,0,0,0.0196675961510161,0,0.00276127025053554,0,0.0205706241280154,0.0104420086716302,0.00848051698187445,0,0.835776572048487,0.633425237198783
PTY_131,0.0470687733813925,0,0,0.419990386377873,0,0,0.0237076223193611,0.0170465489823113,0.0145810187335349,0,0.154734116845385,0.0122387047757549,0.209375231808502,0,0,0.0681036111925783,0.0017150811604898,0.00504187481468104,0.0217133938344338,0,0.00347728548774953,0.0012063502859528,0,0.793256573965582,0.66179033581951
PTY_049,0.0189247084740474,0.0202706905264355,0,0.494392483832529,0,0,0.00283968741246323,0,0.0323734105326325,0,0.135374068445323,0.0189638580008115,0.249366772277356,0,0,0.0222803407880691,0,0.000854063529589378,0.00435991618074344,0,0,0,0,0.863983018179241,0.579607066683809
PTY_014,0.0261215624370101,0.0104293547753896,0.00487206264563009,0.589851452135403,0,0.00142391191148861,0,0.00878967631123331,0.0307119923058893,0,0.0143862512663262,0.0325736862558527,0.231204175060893,0,0,0.0322271383058147,0,0.00160508673123708,0.0107565357511825,0,0,0.00504711410665053,0,0.701321436698285,0.723600637480053
PTY_007,0.0186224669250831,0.00226807390392739,0,0.554110222153144,0,0.0436239299411256,0,0.00055343313103388,0.0381794955831106,0,0.0219696227474157,0.0154032336298438,0.267024825095726,0,0,0.0306064103088827,0,0.000648817481934991,0.00698946909877298,0,0,0,0,0.855930895210276,0.590722150083098
PTY_018,0.0256619891132246,0.00492114810264276,0.0023818174631389,0.358321900855063,0,0.061676871011884,0,0.0169785595111238,0.0296261145519591,0,0.058617856438255,0.0204186620954233,0.374759673490376,0,0,0.042772609993597,0,0,0.00386279737331227,0,0,0,0,0.798488281169629,0.664975753208436
PTY_072,0.0833503180761041,0,0.00416126759814713,0.346843038114322,0,0.034893867476966,0.0343282818656939,0.0260211694041763,0.0115102234509743,0,0.0653341179871635,0,0.240776474174826,0,0,0.0231591756618034,0.00204889896341349,0.0114837789277189,0,0.0654480786778337,0.0450562517616581,0.00558505785919915,0,0.66000929572361,0.775431202091129
PTY_051,0.0490184561794085,0.0343028299280479,0,0.499319258321978,0.000154512901064701,0,0.00768268388634475,0.000316024764257625,0.0277304816673657,0,0.123411060805919,0.0194967207033052,0.196246211401599,0,0,0.0227902763802508,0,0.000626543919714384,0.0138951720851857,0,0,0.00500976705555872,0,0.804793998973509,0.638657857985028
PTY_140,0.0681844074365847,0.000475865718028039,0,0.296255273035839,0,0.0559090092257783,0,0.00788088368364029,0.0471664033092619,0,0.0691768248841878,0.0981885168524685,0.286158076363843,0,1.12916789324946e-05,0.0120273799719718,0,0.00110235828595819,0,0.0559935326130575,0.00147017694044829,0,0,0.740283756161145,0.706508474869422
PTY_017,0.0613299887388264,0,0.0041575688218278,0.450932386191117,0,0.0426824073503813,0,0,0.0216068559725313,0,0.0309158275105667,0.0114845282549687,0.348565212586962,0,0,0.0220018911727752,0,0,0.00632333340004398,0,0,0,0,0.874873225807586,0.596328258646204
PTY_162,0.0297332876728621,0.0193952065447827,0,0.225240035120939,0,0.0767075729358731,0,0.0164648377046945,0.0226809222394617,0,0.0616183747105804,0.0715311394735669,0.411864835293019,0,0,0.05608186265016,0,0,0.00716198769033485,0,0.00151993796372646,0,0,0.752682424536514,0.704484533078321
PTY_098,0.0415671865057729,0.0194801803476971,0.00570087945355619,0.327213067577669,0,0.0519121109637921,0,0.0169481686897841,0.00677695619820555,0.0539622612258121,0.0218611553237838,0.0766769056001296,0.327848790135549,0,0,0.0430077716977774,0,0.000443245970836378,0.00660132030963442,0,0,0,0,0.762480907933395,0.690576358402001
PTY_132,0.0611994907697724,0,0.000743213715878664,0.243426970463677,0,0.167040408778786,0,0.00843290453989376,0.028606603086498,0,0.0771634932215458,0.054109418341804,0.317685089877288,0,0,0.036206099307347,0,0.000448260607441159,0,0.00493804729006767,0,0,0,0.760975643174622,0.696517970154418
PTY_073,0.110628704894772,0,0,0.534650762887353,0,0.0291043658001246,0.0591728469418029,0.00248151597082546,0.0439744259174802,0,0.0330863698949878,0.0572205477104492,0.0971720603070139,0,0,0.0143068629824454,0,0.00261822017095169,0.00232736756872806,0,0.010108772093,0.00314717686006607,0,0.861003319574832,0.574344148929163
PTY_053,0.0662841847138448,0,0,0.269545439976577,0.0890267599768168,0.0303053226444944,0,0,0.0391820238305341,0,0.034751214686117,0.0607485147267003,0.363591649131864,0,0,0.0439246881154249,0,0.00155299263302814,0.00108720956459832,0,0,0,0,0.834277592863913,0.645429953572989
PTY_143,0.0280956211939971,0.00677698284972389,0,0.452923944896053,0,0,0.000652385042841647,0.00552867226485761,0.00910399978108949,0.0316758029465457,0,0.0425946708266306,0.361840570181536,0,0,0.0485557140352019,0,0,0.0117359329435224,0,0.000515703038001182,0,0,0.756512690128991,0.691938661200797
PTY_117,0.0487311617129371,0,0,0.512061945557415,0,0.0459096918880146,0,0.00331123061145948,0.0415025751694555,0.000606098096757073,0.0543801739715869,0.00371303060807905,0.2516178553277,0,0,0.0253067020144915,0,0,0.0128595350421035,0,0,0,0,0.875253149238775,0.579285418411193
PTY_164,0.0284738140322955,0.0106754583748661,0,0.293802488572162,0,0.0723326682618919,0.00263831306235356,0.0117514278464551,0,0,0.117021607571783,0.0623437731821305,0.326713209172356,0,0,0.0421233182983279,0,0.00168927046654912,0,0.0296284347388242,0,0.000806216420004846,0,0.808353498071612,0.654991991650065
PTY_011,0.031136098032072,0,0.00104403724392581,0.394350092770226,0.0086451598817897,0.0264761273232525,0.0029905363661249,0,0.0459689050777139,0,0.107667757863572,0.0236046886199848,0.341751832775628,0,0,0.0116207550417022,0,0.000431649990787082,0.00290450465910721,0,0.000101633126401122,0.00130622122771294,0,0.854386314416214,0.606078183342143
PTY_015,0.127315144497207,0,0.00796662227893125,0.223752115302291,0,0.0657450025810181,0.0161685262670512,0.00311220346322851,0.0367535089625643,0.0325348208756933,0.0839954568342061,0,0.358739537915188,0,0,0.0377281650877252,0,0.00398294532574583,0.00220595060915068,0,0,0,0,0.837689119759837,0.652644653144549
PTY_028,0.0573941456189955,0,0.000917474251567816,0.206061234245935,0,0.0565447195367403,0,0.00167260773488913,0.0743887874496413,0,0.117154773050639,0.0401072347133694,0.412270000405062,0,0,0.0308351601032392,0,0.000807882342212864,0.00184598054770827,0,0,0,0,0.855987641459912,0.623628494010125
PTY_185,0.106075745055108,0,0,0.294909232544084,0.0118113838629385,0.096484999328382,0.0176751808618097,0.00169308659065017,0.0329468012580505,0,0.0399975685853992,0.0673027297202311,0.29703524513467,0.00442220578123648,0,0.00799860847671916,0,0.00158021007252498,0,2.04913295489386e-05,0.0200465113986472,0,0,0.815684966616898,0.657241231964573
PTY_005,0.0740374122526776,0,0.0051441026041037,0.341813092311402,0,0.0584638828109239,0,0,0.0422853992953844,0,0.111678429372871,0.0074986479438404,0.314486173403186,0,0,0.0338602651046679,0,0.00216413986044309,0.00856845504049995,0,0,0,0,0.824825932374048,0.647530595562484
PTY_184,0.0825903372716271,0,0,0.541561031913429,0,0.0365884376482002,0,0.00214724803283146,0.0607577830453111,0,0.0603190792951109,0.0396020237608722,0.132678026494093,0.0254374849660752,0,0.00989195595894933,0,0,0,0.003395431602298,0.00410174946524652,0.000929410545956641,0,0.858624066206407,0.575703440553031
PTY_115,0.0246522569846322,0.0275896019360215,0.00281337700892114,0.398974623784276,0.029150291493171,0,0.0112973065874593,0,0.0334065006894477,0,0.18077210746139,0.00306994753984478,0.232421816412028,0,0,0.0479748333601246,0.00179669868963052,0.000856108243020813,0.00522452981003223,0,0,0,0,0.8011139149074,0.650112496231103
PTY_020,0.0178288199277825,0,0,0.483047163805494,0,0.00650846888646929,0.0063853251282136,0,0.0219659654714094,0,0.0496109212279554,0.00673432907659452,0.369118108925308,0,0,0.0265957842134929,0,0,0.0118869511939742,0,0.00031816214330619,0,0,0.82385453164836,0.633869915462341
PTY_118,0.031115349320983,0,0,0.434341104081387,0,0,0,0,0.0589633305822227,0,0.1143741687658,0.0552780351974222,0.284358303275404,0,0,0.014824223568808,0,0,0.0067454852079727,0,0,0,0,0.859245401514226,0.588753257057085
PTY_019,0.116877586565567,0,0,0.265731632225616,0,0.156984399315449,0.000286639475523449,0,0.0271166251564467,0,0.15688840518327,0.0217565583467156,0.228116425430463,0,0,0.0162118924821619,0,0.000163026344040544,0.0098668094747476,0,0,0,0,0.893890767388267,0.579958730545554
PTY_161,0.0747626608282281,0,0,0.450269942385565,0,0,0.0280915822789927,0,0.0075234497284932,0,0.0936958463303204,0.0445922601474672,0.207855991443472,0,0,0.0398528633720058,0.00323437473463364,0.00612849443078924,0,0.0274257797571916,0.015116965879056,0.00144978868378412,0,0.791098370583033,0.663467835991552
PTY_050,0.0914974009054073,0.017543027776493,0,0.287060878484234,0,0.108416359542085,0.00231881494867536,0.00041160060051297,0.038283403267657,0,0.0788429639136748,0.0137458340676296,0.307729169532103,0,0,0.031201277534565,0,0.00087044963743216,0.0111125294434226,0,0.00233806676815699,0.00862822357795149,0,0.865466568429256,0.625741305339028
PTY_090,0.121198342856452,0.000329111903121442,0,0.291313024903286,0,0.0497722586404327,0.0109522108411834,0.0232127146450896,0.0358003923122406,0,0.106880359283082,0.0319855168517238,0.216861934267826,0,0,0.0936607557448284,0,0,0.010500833110749,0,0.00428666015199479,0.00324588448799083,0,0.813709420293556,0.667795994650784
PTY_123,0.11532459252869,0,0.00199991610563412,0.299759953808033,0,0.0506095530100046,0.00714305185345327,0.00193801612014889,0.0416842607920068,0,0.0968388527684336,0,0.332447151204428,0,0,0.0455244729322365,0,0,0.00673017887693126,0,0,0,0,0.816044016412902,0.664710850818145
PTY_108,0.0607848216774261,0.00479443519686099,0,0.300752816499983,0,0.0723792739901676,0,0.00193967002104665,0.0242148082691754,0,0.130282565995518,0.021634152854018,0.35710810905912,0,0,0.0103456720461115,0,0.00026206774605894,0.0155016066445137,0,0,0,0,0.871397326517062,0.605048667624733
PTY_038,0.117990819207093,0,0,0.324019060811848,0,0.124559691630716,0.00174492068949525,0.0217369979655359,0.0254555158293282,0,0.0592518477464695,0.0629240053023611,0.229992004284497,0,0,0.0286299047631236,0,0.000552890540125694,0.000581675595418771,0,0.00256066563398785,0,0,0.779004232169408,0.676472622714582
PTY_079,0.0395549604725891,0,0.00217178068383773,0.486555695096691,0,0.0105848972388953,0.0597338303399338,0.0130129140725181,0.0152267123234099,0,0.145118914369736,0.0203949386703135,0.185474499994387,0.000384568916804186,0,0.0155882818672763,0,0.000225812087378,0,0.00560555607627254,0.00036663778995735,0,0,0.812361834562942,0.625387971300001
PTY_110,0.0444237702811978,0.0210881284581128,0,0.170778494529776,0,0.165180973262426,0,0.000343644234588853,0.0421289396437942,0,0.122690747352557,0.0322644419035578,0.37329774966943,0,0,0.0260323263296709,0,0.00068223774480193,0.0010885465900873,0,0,0,0,0.875389785864035,0.611983746219101
PTY_130,0.0535174653583554,0,0.00337944331972787,0.539759758224006,0,0,0.0719319324963925,0.0191931984723842,0.0181874292556301,0,0.0754548383500552,0,0.17916855170924,0,0,0.0218898144007641,0,0.00278186920269152,0,0.0147356992107526,0,0,0,0.78772643289531,0.655469248028335
PTY_039,0.142989663801045,0,0.00104224982361665,0.354163122584168,0,0.133147049166454,0.051957978535045,0,0.0029637170592586,0,0.084170304097211,0.00882870211860797,0.176376494153157,0,0,0.0230075298938033,0,0.00616436171584768,0.00192481546171894,0,0.00693987766126656,0.00632413392880057,0,0.887979537916355,0.591028292750654
PTY_040,0.0577248740998517,0,0,0.373471390034679,0,0,0.0314971883335392,0.0161165763722186,0.0253088474327208,0,0.236181023602212,1.74046200801895e-05,0.175894348944616,0,0,0.0621723805145485,0.0034825583399075,0.00638696839723862,0,0.00321208375152621,0.00716596191855387,0.00136839363830725,0,0.780079445181954,0.663421802994701
PTY_024,0.0551931631334985,0,0,0.185209842428376,0.0718435724196044,0.137700311249914,0.00214329651109386,0,0.0477993852392462,0,0.119469467812878,0.0399213549797935,0.310121665205355,0,0,0.0239860890512718,0,0.000733344973632269,0.00410177595995611,0,0.00177673103538068,0,0,0.839797732093041,0.637232721732755
PTY_031,0.0638237527413465,0,0.00534930975900605,0.382848995164844,0,0.1093888664344,0.00419629737392709,0.0208135013279309,0.00643462421831482,0,0.133634360256367,0.00767546955603452,0.237720249941078,0,0,0.0221623727002921,0,0.00121299438943882,0,0.00323040325503453,0.00150880288198499,0,0,0.757076820379834,0.686465865285378
PTY_120,0.0558459789261631,0,0.00372442283551455,0.188978807168656,0,0.10569124501788,0,0,0.0541203797254425,0,0.218859637937813,0.00508373468397724,0.314439511580111,0,0,0.0393480384936885,0,0,0.013908243630754,0,0,0,0,0.785587641293442,0.676548529185096
PTY_029,0.104579077012425,0,0.00305854567159043,0.242116466642023,0,0.182660379213517,0.00157398141985574,0.00237740138720919,0.0344203478514559,0,0.0722797556471124,0.0414697637159181,0.29169235097908,0,0,0.0235191008563112,0,0.000252829603501529,0,0,0,0,0,0.785830676841582,0.679760248557576
PTY_101,0.0207734175605323,0,0.000115950211063172,0.42424809035704,0,0.041141603289621,0.0200890413446297,0,0.013272615248592,0,0.0988158989031683,0.0112182329724773,0.339209038067528,0,0,0.0212789415263372,0,0.000245631842658727,0.0095915386763523,0,0,0,0,0.833259926347265,0.626451346506286
PTY_100,0.217404776636285,0,0,0.296426720494402,0,0.0101413429101826,0,0.0101421394264559,0.00352537243921532,0.0100768522292341,0.0346655332257342,0.0383088010446389,0.299437689577547,0,0,0.0603804939370936,0,0.00200503847318881,0.0174852396060237,0,0,0,0,0.790051712067575,0.685145470141563
